id;first_name;last_name;company;password;address_1;address_2;postcode;city;state;address_type;is_active;created_by;modified_by;created_date;modified_date
1;Garnett;Schinner;Fish multi-byte Savings Account;Computer Practical Fresh Pants;Metal deposit;Producer;Implementation Electronics Officer;Elliottstad;Grocery Home;52477;61185;39986;13949;zero administration;Multi-channelled Licensed
2;Liana;Dooley;Cambridgeshire Mississippi;HDD;Table Small Frozen Sausages Planner;envisioneer Music Public-key;infomediaries;New Jermeyfort;Salad;39106;25877;18223;66252;hardware Costa Rica Mayotte;Industrial
3;Ronny;Ryan;Markets Chief;capacitor archive;sky blue Tasty Plastic Pizza;compress South Georgia and the South Sandwich Islands;compelling mission-critical;Dougland;back-end;7455;1563;98688;42340;reinvent 24 hour Jewelery;monitor
4;Montana;Schamberger;Checking Account Identity deposit;IB Investment Account archive;envisioneer;moratorium pixel withdrawal;Mississippi embrace Developer;Rowechester;Robust Networked;4043;52273;71066;42754;Grocery;red
5;Sonny;Nicolas;knowledge base Buckinghamshire;Concrete Investment Account Saint Lucia;User-centric;Money Market Account;Salad Web virtual;Benedicthaven;digital maroon;89255;88328;53934;32434;Fresh granular Direct;Profit-focused
6;Hertha;Abbott;cutting-edge ability Hat;supply-chains magenta;encompassing;Directives;sky blue;Maynardbury;Tasty Concrete Chips Exclusive;69630;49724;71227;30087;zero tolerance;mission-critical
7;Weston;Kuvalis;Small Plastic Pants Investor;Canadian Dollar;Berkshire Designer;Credit Card Account;navigate;East Monroefort;Point Orchestrator;39882;53577;81643;9028;hacking installation magenta;HDD
8;Erich;Pagac;Clothing;open-source turn-key;Sausages;disintermediate Cambridgeshire hacking;bricks-and-clicks Concrete Global;Powlowskiberg;deposit;81722;98216;55520;51663;content-based Executive;Customer Human deposit
9;Eulalia;Gottlieb;Saint Helena Pound programming;AI optical invoice;Marketing;Dynamic Home Loan Account Tools;Branding;Abshireburgh;knowledge user;48561;69189;44842;65196;Devolved driver Networked;Fish
10;Frederick;O'Connell;calculating withdrawal Nevada;Berkshire;dedicated Persevering;Coordinator Cambridgeshire Investor;cross-platform Borders;Marcellaport;white sensor local;2431;76855;64547;4360;Representative;Response Human
