id;title;is_active;created_by;modified_by;created_date;modified_date
1;monitor Small Wooden Ball;13311;71334;68716;connecting generate Music;Inlet Hungary Configurable
2;interface;18228;2007;56396;overriding;internet solution
3;Total;34292;59359;47396;impactful withdrawal Club;Russian Federation Nevada
4;Michigan Connecticut empower;33744;36308;89964;Home Loan Account Grass-roots;Director Personal Loan Account
5;Music;22533;15285;36535;Avon;blue scalable Car
6;bypassing Sleek Steel Shirt Rand Namibia Dollar;99725;11203;89661;Wisconsin Human;parsing
7;Bedfordshire;72289;66864;82086;hard drive Mexico Gardens;override silver orchestration
8;tan program;52984;11483;70723;copy Awesome;Sausages Haven
9;Checking Account frictionless;45426;13441;54860;Yemen;open architecture
10;Gorgeous Metal Shoes;11669;59563;47316;Investment Account cross-platform;Configuration
