id;title;url;link;content;position;image;image_path;container_name;view_page_count;is_active;created_by;modified_by;created_date;modified_date
1;back up Factors;http://hilario.name;Wisconsin Facilitator Incredible;reinvent;eco-centric Bedfordshire mesh;Configuration UIC-Franc;Ergonomic Concrete Soap Zambian Kwacha;Concrete Bedfordshire;portal calculating Metal;70891;35949;55281;protocol;open-source HDD
2;Sleek Beauty Auto Loan Account;http://mabel.com;extend Unbranded Fresh Pants Tools;Practical North Dakota;implementation;Wallis and Futuna;generating;Computers Small Fresh Gloves back-end;interface;82786;76999;27154;Orchestrator;Refined Intelligent Granite Shirt
3;Philippine Peso Metal;http://werner.org;card Licensed Cotton Ball;mindshare Gorgeous;Chips;navigating;Som Rustic Frozen Keyboard ROI;Benin;Tuna Response invoice;51669;73789;65711;e-markets system;Organic
4;Cheese Steel;http://bettye.com;Small;JBOD;Shoes Music connect;Hollow Shoes systems;Generic Frozen Tuna HTTP;implement;Optimization Cambridgeshire;53937;65869;68396;Checking Account;invoice Outdoors New York
5;multi-byte Jamaican Dollar North Carolina;http://jada.net;parsing Investment Account;Branding Dynamic black;yellow;Books Generic;robust withdrawal generate;Garden open-source hybrid;Solomon Islands Dollar;34833;62894;93664;Handmade Cotton Bacon Specialist China;quantify multi-byte
6;interface Cotton Robust;https://evalyn.org;Texas Managed Dobra;compress Fantastic Global;Buckinghamshire monetize;Direct;Small Frozen Salad bypassing;time-frame Quality;Borders Borders Practical;9170;29321;60244;Pakistan;parse
7;neural Wooden Optimization;https://anastasia.org;Practical Soft Salad Guam;Frozen Metal program;SDD bypassing;Algerian Dinar Fantastic Fresh Salad;Steel Avon Visionary;exploit transition;User-centric Principal Pennsylvania;35021;37625;70818;Buckinghamshire;Oklahoma communities
8;array supply-chains Advanced;http://janae.name;hack;Fresh payment synthesize;Versatile seize;asymmetric EXE;web services;Industrial Designer Incredible Fresh Car;Principal Senior;25299;55385;69541;Sleek Tuna magenta;Wells
9;Naira iterate;https://alverta.org;Usability;Regional;Generic B2B;olive;facilitate Persevering;Fantastic;zero defect Ridges Beauty;27976;30952;41120;Credit Card Account clear-thinking Frozen;parsing
10;models New Mexico District;http://torey.org;Aruba Chair portals;online Strategist Shirt;navigate redefine;generating bypassing Bypass;Plastic Movies;SMS;Zimbabwe parse Customer;58514;76898;72612;program enhance Multi-channelled;Concrete
