id;name;description;meta_descroption;meta_keyword;is_active;created_by;modified_by;created_date;modified_date
1;Generic;Business-focused generate grid-enabled;International card;West Virginia Keys;66367;95408;93682;sensor;4th generation
2;clear-thinking Auto Loan Account;indexing;Savings Account extensible connect;robust;35154;72818;41279;feed Investment Account;Centralized bypassing
3;Clothing Engineer Toys;granular;solid state;Soft Quality Mount;18513;8670;54190;USB alarm 1080p;feed invoice
4;Triple-buffered Borders magenta;Tasty Metal Chair Handcrafted Rubber Sausages Officer;Mississippi Product;Metal;73102;29734;19259;Frozen experiences online;HTTP indexing interface
5;deposit payment one-to-one;Granite Unbranded;Greenland models streamline;projection Maldives;79072;66165;31875;Home Loan Account ADP Personal Loan Account;web-readiness
6;JBOD Books;sky blue matrix Data;Supervisor;Licensed Steel Shirt Sleek Granite Tuna;58075;87367;27168;drive Practical killer;monitor Adaptive
7;Inlet;systematic;program;Gorgeous Steel Salad Associate;42777;10946;38432;Pula lavender;neural Cloned Massachusetts
8;SCSI Communications Underpass;Officer parse;Intuitive;quantifying Phased connecting;12033;23066;4694;architect;lavender
9;copying primary invoice;EXE;Personal Loan Account Chile foreground;connect Zimbabwe Dollar;15389;89743;81583;Pre-emptive Reduced;Kids Customer
10;Practical AI didactic;Tunnel;Configuration;Jewelery monitoring Infrastructure;73521;8698;28139;Implemented Computers;protocol Borders Tasty
