id;ip;date_added;is_active;created_by;modified_by;created_date;modified_date
1;Falkland Islands (Malvinas) invoice Courts;Bahamian Dollar;54069;6834;9653;Automated;Mississippi
2;secured line;Incredible Focused;73024;74319;59880;Unbranded Fresh Pizza;Croatian Kuna Money Market Account Principal
3;Checking Account;Streamlined virtual;3467;42918;58280;Consultant;Nebraska deposit Streamlined
4;Investment Account;bandwidth;52523;90962;3264;IB Refined Frozen Towels Beauty;markets support vortals
5;Rubber customized Table;Personal Loan Account;63130;44524;59169;Pakistan Rupee Progressive Avon;Innovative
6;Cambridgeshire withdrawal Response;Shoal Analyst;26895;63410;40697;Future;vertical
7;Checking Account Corporate;holistic;97153;45046;33134;Borders turquoise;Gateway Falls
8;Borders Sports;Intelligent Fresh Chair;84392;10802;28490;Squares interfaces;Berkshire
9;Unbranded Plastic Shirt;Gorgeous Auto Loan Account Granite;34522;87986;50741;TCP Buckinghamshire;Tasty Cotton Keyboard Response Shirt
10;mindshare metrics;Swedish Krona Phased Guyana Dollar;29672;82379;71842;Creative driver THX;Handmade Concrete Bacon
