id;first_name;last_name;username;email;password;mobile;address;city;pincode;avatar;avatar_path;mail_status;delete_flag;lastlogin;newsletter;safe;ip;is_active;created_by;modified_by;created_date;modified_date
1;Angelo;Morissette;invoice Sharable;Letha17@gmail.com;payment navigating;Soft AI Ports;viral;Harrisonport;Fish drive Supervisor;infrastructures;synergies open-source;58214;76028;Concrete Nepal pink;1212;83430;Personal Loan Account;19885;80153;6461;Sleek Cotton Computer intermediate withdrawal;compressing Rustic
2;Jefferey;Champlin;FTP;Myriam_OConner@gmail.com;Investment Account RSS;mobile Direct;Licensed withdrawal Quality;Kertzmannton;stable;Gorgeous Fresh Cheese Stream withdrawal;e-enable Points;22696;61393;Practical Granite Salad Computer matrix;51222;44327;Small Steel Computer synthesize deposit;80213;7125;10536;Industrial;interface web-enabled
3;Elenora;Zemlak;Consultant Branding;Christop41@hotmail.com;Northern Mariana Islands;bypass full-range Movies;Cambridgeshire;Grimesmouth;Pre-emptive Coordinator Djibouti Franc;Concrete;reciprocal Generic Frozen Hat;47825;4195;Director back-end holistic;97997;11395;Borders Legacy;52076;81176;61649;Keyboard Incredible Wooden Sausages;Compatible seize
4;Hollie;Lowe;maximize Sausages;Dayna67@gmail.com;Cambridgeshire;invoice;New Taiwan Dollar;Port Shana;Universal Egypt invoice;Wall;input Rhode Island Tuna;5385;17742;Saint Kitts and Nevis;98466;26933;Armenia panel Rustic;68529;72597;9187;Manager Borders Pizza;interface Saint Lucia
5;Lamont;Roberts;Money Market Account Awesome;Martine_Botsford63@gmail.com;index Keyboard Overpass;open-source;circuit Engineer Intelligent;Port Polly;orange Saint Barthelemy;generating Savings Account Indian Rupee;haptic Macedonia;522;84804;backing up calculating Electronics;74954;95807;cross-platform pricing structure Pizza;30560;47031;87665;Liaison 24/365;payment optical
6;Cydney;Medhurst;reintermediate;Abbigail0@yahoo.com;Savings Account;Bacon evolve;Utah Mission;Mitchelton;Idaho;Kwacha Generic Granite Chicken;multi-byte 3rd generation;82504;32210;deposit Car;69541;33423;mobile program neural;51726;52029;44019;Wooden policy;Cloned architect
7;Angie;Metz;application Producer Paradigm;Chadd_Johnston@yahoo.com;digital Metal;Assistant navigate;West Virginia Hawaii Towels;Port Estevan;Clothing;Tennessee;neutral Cambridgeshire;29872;78258;Gorgeous Fresh Table Synergized generate;46173;18610;redundant View;48296;70601;13347;Small circuit;District 1080p
8;Adaline;Runolfsdottir;Bike;Brendan_Collins@yahoo.com;withdrawal Solutions Gorgeous Steel Car;Computers;Extended;Schaeferberg;explicit index Summit;actuating Shoes TCP;Generic Fresh Towels;13924;34592;groupware navigate;8642;89983;Shoes;66378;54832;96339;Vermont;streamline navigating open-source
9;Lindsey;Renner;Strategist Customizable;Mohamed56@yahoo.com;Groves Representative;Director Computer;Fish;West Demarioton;Kwacha Macedonia Executive;AI;Bahrain wireless Mali;61290;8172;Summit;48469;42863;Frozen;66418;84997;21609;Practical AI Ports;Finland Licensed Granite Computer cross-platform
10;Jadon;Wolff;neural;Colleen87@yahoo.com;Gibraltar;input Andorra yellow;invoice Pizza Enterprise-wide;Kirlinmouth;input Alaska Bahamas;Hollow;interactive target primary;37193;65678;navigating evolve;77561;44107;teal sky blue Gorgeous;35667;79285;75748;motivating project;reinvent Human
