id;timestamp;name;invoice_no;invoice_prefix;firstname;lastname;email;telephone;fax;shipping_firstname;shipping_lastname;shipping_company;shipping_address_1;shipping_address_2;shipping_city;shipping_postcode;shipping_country;shipping_zone;shipping_address_format;shipping_method;payment_firstname;payment_lastname;payment_company;payment_address_1;payment_address_2;payment_city;payment_postcode;payment_country;payment_zone;payment_address_format;payment_method;comment;total;reward;commision;currency_code;currency_value;ip;payment_flag;order_name;is_active;created_by;modified_by;created_date;modified_date
1;16136;Incredible Grocery;circuit;Cross-platform turn-key Awesome;Granite;Money Market Account;Catalina39@gmail.com;(232) 795-6954;index EXE;Som El Salvador Colon US Dollar Mouse;groupware Taiwan;deposit United States of America;New Zealand Dollar;Frozen magnetic;Developer;yellow unleash;Djibouti Franc generate Group;Kids optical Handcrafted Granite Shirt;THX magenta;Team-oriented Shoes feed;program Stravenue;overriding Avon B2B;Kazakhstan Bedfordshire transmitting;XML Bridge;niches;auxiliary Product;blue;RSS;Towels parse;Awesome Metal Chips Practical syndicate;Administrator Vision-oriented Infrastructure;hierarchy;22011;7000;35052;SLL;37253;Handmade Cotton Pants Islands;72273;withdrawal;70876;92928;836;gold invoice;implement invoice
2;9537;Awesome Ergonomic Rubber Cheese interfaces;haptic navigate;Denar hack Baby;Credit Card Account;leverage deposit visionary;Nelson.Cronin75@yahoo.com;546-788-5567 x1344;port aggregate Kansas;Persistent;ADP;International Buckinghamshire salmon;Ohio;deploy;Prairie Data ROI;Pataca motivating;calculate Function-based Estonia;turquoise Cedi olive;compressing Handcrafted Soft Bacon;online parse indigo;synthesize;intuitive eyeballs Health;4th generation;SCSI Stand-alone;deposit SMTP;hardware Dynamic XML;circuit;Technician bypassing;compress multi-byte protocol;Refined Agent task-force;neural Dong Industrial;Organized Incredible Cotton Gloves;13008;96115;2242;XAU;36042;redundant Alabama architecture;65434;Advanced;1438;1714;76435;Credit Card Account copy Rustic Fresh Hat;Toys Web
3;41481;engage incubate Tasty Metal Cheese;bandwidth panel incubate;New Jersey;Markets Identity extensible;deposit Wells;Willard_Kunde@yahoo.com;479-550-9486 x36831;Corporate payment Handcrafted Metal Chicken;deposit leading edge Fish;multi-byte initiatives;protocol;North Dakota Street;Car Clothing auxiliary;Chicken Street;wireless Interactions;withdrawal Markets;Soap Tennessee motivating;Awesome pixel Fantastic;Handcrafted Steel Car communities;Investor;AGP SMS;Savings Account Cambridgeshire;SMTP grey transmitter;SAS;Manager;cyan;Home Loan Account Orchestrator Views;bypass Plastic robust;Coordinator quantifying;Chief architecture Honduras;Practical Concrete Mouse Multi-layered Causeway;26856;94238;10097;BDT;16749;Granite Strategist;75929;Executive;43974;870;27836;digital;withdrawal
4;21970;Music;Horizontal virtual Quetzal;Manager;solid state;navigate;Samanta27@gmail.com;(048) 375-6811;South Carolina Bedfordshire;middleware;client-driven;SDD vortals;Graphic Interface calculating Gorgeous Cotton Pants;lime front-end;Zambian Kwacha calculate;orange Awesome Wooden Pizza Wyoming;Chief implement sky blue;Run withdrawal;Buckinghamshire quantifying;Fresh redundant;open system;deliverables Avon;cyan Creative Hat;hard drive Berkshire;withdrawal Virtual Ukraine;calculate bifurcated;Texas;Ball;tan Shirt programming;Personal Loan Account;Designer Maine;cross-platform;25279;79773;93889;IQD;89398;efficient;72946;South Carolina e-business Technician;2523;22050;25264;Tajikistan;Persevering optimizing
5;65;HDD auxiliary;unleash Decentralized;Oval;blue human-resource;Chief;Tyrel.Greenfelder@gmail.com;1-279-540-4777 x16474;Credit Card Account Representative;disintermediate transmitter Drive;Shoes green world-class;Polarised European Unit of Account 9(E.U.A.-9);Buckinghamshire Avon;Checking Account;Swaziland;Configuration Officer;Shoes Field Fundamental;Route;Frozen Savings Account upward-trending;Iceland Krona;digital streamline;Connecticut invoice white;Bolivar Fuerte Tennessee;Markets robust access;navigating Belize copy;action-items;Garden;multi-tasking Unbranded Metal Ball Home Loan Account;Cape Verde Escudo encoding;Personal Loan Account Personal Loan Account Buckinghamshire;uniform encompassing;Branch Singapore Dollar Pitcairn Islands;34688;62268;43564;ZMK;79448;encompassing;14225;hierarchy;84953;26104;8898;Assistant United Arab Emirates;lavender brand Implementation
6;6180;Gorgeous;pixel;Pants;Lock Global white;Center;Sunny_Rolfson@yahoo.com;(519) 281-7907;Ferry;deposit models exploit;customized reboot dynamic;Boliviano Mvdol;channels;Sausages seamless applications;bypassing Fish Borders;national;Paradigm Rubber;e-commerce Soap Cotton;customized Incredible Concrete Fish;payment;Licensed COM Norfolk Island;District mesh throughput;Refined;neural;Awesome;Island;Tasty;white Unbranded Rubber Cheese;Kwanza Credit Card Account EXE;Refined;multi-byte;knowledge base Functionality navigating;98356;79357;25967;AOA;96972;communities intuitive Ergonomic Steel Chair;69201;Fields Visionary;61397;57443;25285;Ohio;Internal transmit
7;7643;National cross-platform;auxiliary;Hawaii;Refined;interactive Internal;Dallin.Deckow@yahoo.com;587-374-2329 x01690;relationships Checking Account Applications;communities;payment;Director Washington;bypassing Inverse Cross-group;Auto Loan Account Program;Taka withdrawal;Palestinian Territory;Creative Licensed Plastic Soap;e-enable Versatile;action-items;relationships Pataca withdrawal;maroon;Towels;Sports;Rustic Cotton Bike Hat SMS;Intelligent installation;port Paradigm gold;Unbranded Granite Salad expedite migration;evolve;internet solution Handcrafted Soft Table innovate;programming Metal;Beauty Configuration Mandatory;drive;91506;50047;25116;KRW;84421;Borders;51409;superstructure;57304;21520;32521;Awesome Concrete Bacon Clothing Developer;Graphic Interface Re-contextualized pink
8;85719;synthesizing experiences Cotton;bluetooth heuristic;auxiliary Orchestrator olive;North Korean Won Plastic;mint green Generic Fresh Bike e-tailers;Karson_Von@yahoo.com;115.447.7870;harness Licensed Movies;Soap strategic;Enterprise-wide;transmitting;Specialist Concrete Extended;upward-trending Grocery Program;Practical Rubber Chair;TCP hard drive;Jewelery virtual customer loyalty;Cordoba Oro;mesh Supervisor;Gorgeous Granite Fish Indiana;Direct syndicate Comoros;Practical;hacking digital;contingency;bypassing;Ergonomic violet Incredible Rubber Pizza;Gorgeous;pricing structure;Refined Granite Cheese mindshare;Berkshire Tugrik;Bike Hawaii;process improvement Corporate Cameroon;73390;26817;34655;INR BTN;40771;Metal Car;82735;Maryland;33753;69716;80285;Profit-focused;encompassing FTP Product
9;29728;Cross-group;deposit SMTP;hacking Mauritius Rupee bypassing;Rustic Metal Fish Guernsey;Kwanza;Yesenia99@gmail.com;159-191-7367 x558;zero defect Spring;technologies Lane;moratorium Montana;deposit Automotive infomediaries;hacking;Licensed Checking Account;compressing Sleek Fresh Shoes;orange deposit 1080p;Phased XML Ergonomic;zero administration;Codes specifically reserved for testing purposes;Plastic Chicken Investor;Auto Loan Account UAE Dirham Alabama;morph Soft;Multi-lateral;Integration migration payment;white Handcrafted Wooden Bike;Fresh Australian Dollar;matrix;Shoes Personal Loan Account;benchmark Burg;Checking Account;Switchable Health invoice;Mauritius Rupee microchip;49259;29593;63341;RON;80552;streamline solid state New Hampshire;16590;Beauty robust;54669;8987;83982;Plastic solid state;orchestrate Fresh matrix
10;29335;Saudi Arabia Zimbabwe Dollar Investor;neural-net quantifying Personal Loan Account;dedicated Shoes;Intelligent;withdrawal deposit Investment Account;Allison.Rempel90@gmail.com;(851) 311-8098 x4946;Unbranded;payment reciprocal;Fresh;Clothing;efficient;Chair;Slovenia;Principal generating Global;Licensed Holy See (Vatican City State);payment Coordinator;Innovative;Harbor;Ergonomic;parsing;niches Belize HTTP;Customer Station flexibility;firmware target;SMTP Kansas Belarussian Ruble;payment Metal;Metal Oklahoma;transmit;supply-chains Producer Generic;olive Shoes dynamic;Borders optical;23254;19624;22603;BWP;55105;Bosnia and Herzegovina homogeneous leverage;27784;bypass deposit;83241;10548;97547;Neck Intelligent Steel Tuna;programming
