id;firstname;lastname;email;rating;review;image_path;image;is_active;created_by;modified_by;created_date;modified_date
1;real-time Fantastic Concrete Ball neural;grow District Tasty Steel Mouse;Cruz37@hotmail.com;17275;whiteboard Global Checking Account;solid state HTTP;fuchsia;56588;87784;61555;Handcrafted Cotton Shirt withdrawal;alarm FTP deposit
2;platforms Steel;Mall Incredible Rubber Cheese target;Elta_Gutmann86@hotmail.com;53768;Movies Awesome Plastic Cheese RAM;Realigned;Supervisor 1080p Multi-layered;90836;44677;9310;Stravenue;turn-key Iran Dalasi
3;productize Borders Graphic Interface;Factors invoice Graphical User Interface;Mason.Spinka85@gmail.com;66046;Courts blue;Arkansas withdrawal;France initiatives navigate;82792;35357;77124;Handcrafted Concrete Hat;capacitor next-generation
4;indexing;ADP;Janick36@gmail.com;3106;Data Future-proofed Quality-focused;Sausages;Massachusetts Kip International;34562;82084;62150;Handcrafted Concrete Shirt;enterprise New Israeli Sheqel seize
5;Spain Music;Danish Krone;Demarcus.Armstrong27@gmail.com;60666;firewall;HTTP;Senior;7330;35640;89418;Optional transmitter time-frame;wireless Investment Account Avon
6;matrix;implement Chair;Rahul58@hotmail.com;63613;Lock IB;zero tolerance Dale Switzerland;regional Maryland;50577;64604;1798;Factors;visualize
7;auxiliary digital Granite;IB French Polynesia;Jammie49@hotmail.com;46355;SAS;Optional Regional;Village Beauty national;43658;77851;63379;Pines;Tools Bedfordshire
8;Dynamic;clicks-and-mortar synergies;Watson50@yahoo.com;80560;Awesome Frozen Tuna;New Hampshire driver end-to-end;strategize Manors moderator;3294;1835;59012;Nauru dynamic;Tasty
9;Cambridgeshire;Tenge Steel granular;Emmet.Smith65@yahoo.com;23663;Principal;complexity;Metrics Savings Account dynamic;6699;48604;2819;Open-source JBOD;monitor azure
10;infomediaries;Hat;Sydni.Hagenes6@hotmail.com;1079;Malaysian Ringgit Fresh hack;Saudi Arabia COM;Sleek bypass;6979;27814;47870;Sausages;uniform Oval Tugrik
