id;first_name;last_name;email;user_name;mobile;address;is_active;created_by;modified_by;created_date;modified_date
1;Roosevelt;Hayes;Vidal.Blick@hotmail.com;Borders;16071;Agent Tuna;48746;34905;36412;invoice Rubber solutions;e-enable
2;Marcelo;Bauch;Tatum_Gaylord29@gmail.com;redundant Games;96686;Samoa data-warehouse;36258;539;6640;Strategist Generic Metal Computer e-services;AGP Operative Investment Account
3;Griffin;Prosacco;Anne74@gmail.com;payment;23633;Awesome;57615;21524;55367;lavender Sleek Steel Pants Manager;Unbranded Concrete Mouse invoice Burundi
4;Tyree;Lang;Richard.Pouros@yahoo.com;Avon bandwidth-monitored;45495;Ramp application;94063;55668;32932;Small Granite Keyboard Western Sahara;Handmade
5;Mariela;Wyman;Tyrique70@gmail.com;Reactive heuristic payment;39008;turquoise array Shoes;85564;57912;51466;Unbranded;Denar withdrawal Practical
6;Leila;Gulgowski;Dexter52@gmail.com;incentivize Ohio;8922;convergence Cheese Facilitator;56115;57976;68743;emulation Unbranded;Home killer alarm
7;Arlie;Bailey;Ramiro_McKenzie@gmail.com;protocol;81261;Fresh;1838;68602;68963;application;Congolese Franc Mississippi
8;Guiseppe;Labadie;Kurtis_Emard@yahoo.com;Director Car;59711;content;44668;35579;25414;compressing Buckinghamshire;SQL circuit
9;Clemens;Bogan;Micah44@gmail.com;maroon withdrawal Shoes;55430;Bhutan card;5510;66373;88787;Gibraltar Pound turquoise;violet
10;Corrine;Schumm;Rory.Treutel@gmail.com;Adaptive 4th generation Frozen;63926;Practical Soft invoice;33966;77208;70794;Rhode Island De-engineered invoice;sky blue
