id;url;meta_tag_title;meta_tag_description;meta_tag_keywords;store_name;store_owner;store_address;store_email;store_telephone;store_fax;store_logo;store_logo_path;maintenance_mode;store_language_name;store_image;store_image_path;google;facebook;twitter;instagram;order_status;invoice_prefix;items_per_page;category_product_count;is_active;created_by;modified_by;created_date;modified_date
1;https://hulda.info;New Zealand Dollar;SDD Specialist;Administrator Integration;Vision-oriented;copying Personal Loan Account;customized;Maryland IB;invoice Credit Card Account B2B;vertical strategy Beauty;visualize Cambridgeshire;Steel Taiwan Grocery;9509;Rustic Metal Table Sleek;enhance CFA Franc BEAC schemas;Communications SAS Research;visualize e-business Indiana;blue Checking Account Cambridgeshire;lavender Kenyan Shilling Liechtenstein;Liaison bi-directional multi-byte;22523;Riel Function-based HDD;56147;93044;18593;83692;22436;Avon Research quantify;copying intermediate
2;http://nelda.net;Incredible Cotton Fish Borders West Virginia;Identity bluetooth pixel;Suriname;ROI asymmetric;Fresh Customizable;Streets Buckinghamshire;digital;navigating navigating;cyan;quantify;Producer Chips;4668;open-source User-centric;Credit Card Account Tasty Massachusetts;invoice Mountain;Monitored Cuban Peso Peso Convertible;Bedfordshire Mexico;calculating Baby deposit;card Berkshire;89409;Internal Gorgeous Fresh Fish;3769;9405;36716;95139;54229;Metal copy;initiatives
3;http://kris.org;Cambridgeshire payment feed;innovate Baby;firewall;Iceland Krona eyeballs;connecting Checking Account channels;backing up bus Principal;JBOD;grey Computers Producer;moratorium;Cheese;support National;84063;overriding calculate FTP;plum encoding Salad;navigating Forge Practical Metal Gloves;reboot;Division fuchsia Mexican Peso Mexican Unidad de Inversion (UDI);Fish;sexy Zloty e-enable;14556;iterate Soft;57688;48860;4095;60322;52731;JBOD;Silver Unbranded Plastic Computer Savings Account
4;http://kaylie.com;Walks alliance action-items;mint green;Pakistan Rupee Avon turquoise;Norwegian Krone;Small Wooden Salad Awesome Soft Bacon transmit;lime Handcrafted sensor;invoice;pixel;virtual Bedfordshire open-source;Baby;US Dollar ADP enterprise;76977;Kentucky;Designer Analyst Borders;generate Specialist Gorgeous Steel Sausages;Hat New Mexico Lao People's Democratic Republic;Sleek compress override;Money Market Account;generating Handmade Fresh Keyboard Team-oriented;59298;Research Lebanese Pound;41442;84479;68953;89756;34397;next generation;Handmade Baby Louisiana
5;https://amani.net;efficient;connect;Sports Small;magnetic;heuristic;Small Frozen Keyboard Quality-focused;Cotton invoice Awesome Cotton Sausages;Music;Virginia Marketing Ergonomic Cotton Table;Applications Singapore China;Solutions;38516;revolutionary THX Virginia;lime payment;Soap;Keyboard transmitter website;engage Drive;back up;Dynamic;12862;Rapids;81535;12818;88931;42535;51939;Pennsylvania;well-modulated HDD Customer
6;http://adrianna.name;Awesome;Assurance SMTP;Home Loan Account regional generate;payment;Berkshire bus;firmware;one-to-one Shoes extensible;reboot convergence Division;Home THX;value-added;Berkshire;34193;Global Baby Maryland;context-sensitive Group;invoice microchip;Frozen;Chicken Digitized didactic;back-end;Technician firmware;11530;Tasty program;85456;50645;25695;84440;2090;Inverse;Checking Account
7;http://hobart.info;sexy;Pre-emptive Branding;Awesome Rubber Pants Markets Iran;hard drive Terrace JSON;Pants architectures evolve;yellow schemas;Outdoors;Tuna Falls;International navigating;AI Idaho;protocol Granite;68023;generating Streamlined XML;Frozen;Plastic;Euro optical;Berkshire;interfaces;communities deposit;88190;paradigms;28988;19813;1451;920;57483;envisioneer redefine;violet
8;http://winfield.info;Kids;back up reboot success;Taiwan American Samoa;niches Profit-focused;Practical Steel Fish Corner;Cambridgeshire Colorado;calculating grey;Paradigm Berkshire;Bacon Bedfordshire;Practical sensor Cambridgeshire;matrix Berkshire Inverse;88492;Kentucky indigo;transmit;Small Frozen Gloves Plastic;redundant Sleek optical;mindshare Italy Handcrafted Steel Soap;synthesize;Granite Metal;41096;withdrawal;71207;97195;17845;3755;7958;Paradigm;invoice
9;http://salma.name;Rustic Licensed application;Personal Loan Account;Gorgeous Cotton Computer Granite;Wyoming visionary;Fantastic Rubber Tuna invoice;Keyboard;Corporate Orchestrator;application Branding encompassing;Car Generic Azerbaijanian Manat;Internal Turkey CFA Franc BEAC;Liaison Assimilated program;58645;bi-directional;Turnpike Savings Account Books;Kwanza;experiences Future;Generic De-engineered Outdoors;Cambridgeshire;ubiquitous;41080;Shoes next generation digital;61549;21100;75378;68829;44721;help-desk;virtual optical
10;http://elian.net;hacking payment;Product;knowledge base Frozen;Savings Account;Glens;bandwidth monitor open architecture;Tasty Direct;facilitate Handmade Fresh Ball;Serbian Dinar;Refined Metal Table;withdrawal sky blue Yen;77224;Squares;high-level circuit;Bedfordshire;wireless Massachusetts Flats;aggregate backing up Robust;synthesizing Fantastic Rubber Tuna;Secured Refined;79438;Licensed didactic SAS;34646;53347;97304;5275;97973;value-added Unbranded Metal Computer;bypass wireless
