id;title;intro;full_text;sort_order;meta_tag_title;meta_tag_descroption;meta_tag_keywords;view_page_count;is_active;created_by;modified_by;created_date;modified_date
1;Global Delaware;methodologies strategic Chicken;Lebanese Pound;97995;Manager Belarussian Ruble Team-oriented;attitude-oriented Seamless JSON;deploy withdrawal eyeballs;43776;7830;31037;57343;Unbranded Views Directives;SSL pixel Multi-layered
2;AGP;Lead;Fish end-to-end;31572;auxiliary Iranian Rial migration;Wooden programming;Branding;97980;40519;86855;59604;Small;Virginia
3;client-driven backing up Assistant;Gorgeous;payment Manager;91581;Buckinghamshire;deposit Strategist compelling;Fish;29942;52173;10015;21320;neural;incentivize
4;Incredible;Administrator payment;panel Principal;13773;Gorgeous Steel Car Steel deposit;South Carolina Functionality Bedfordshire;Berkshire Handmade Rubber Fish Officer;36080;36121;75284;63730;Rustic Plastic Towels French Polynesia;Health invoice ADP
5;redundant Personal Loan Account;redundant pixel Proactive;platforms Rubber Small;1667;SQL Monitored;bricks-and-clicks;middleware;50604;88197;16251;95908;fuchsia bus withdrawal;back up Metal
6;Solutions;Michigan Mountain;red index;74641;Cotton USB contextually-based;cross-platform Florida pink;e-commerce;6930;82993;57821;41562;Re-engineered TCP;Jordan Sleek Metal Mouse Generic Frozen Pants
7;Analyst Loaf Avon;uniform SAS;Alley pixel Oklahoma;49236;blue Field;Universal;web-enabled Optimization United Arab Emirates;63154;63708;54294;89866;Isle;Unbranded
8;Lock Cheese;green;Knolls;85312;Assurance Group Granite;Small Facilitator;B2B payment;71489;10948;42984;96583;Chips;Engineer non-volatile
9;parse UAE Dirham;e-business Ergonomic;adapter Intuitive;98801;synthesize;Developer digital overriding;5th generation eyeballs;23432;92506;1965;36611;Tasty Forint focus group;Industrial
10;SAS platforms Liaison;1080p Checking Account;Rubber;63308;Regional;hack back-end;parsing Cotton;52023;77183;3711;48387;Dynamic;Bahraini Dinar plug-and-play gold
