id;username;password;first_name;last_name;email;avatar;avatar_path;code;ip;address;phone_number;name;is_active;created_by;modified_by;created_date;modified_date
1;Kenyan Shilling deposit;Uruguay driver;Bethel;Gutkowski;Thea36@gmail.com;Operative;overriding Unbranded Security;microchip Buckinghamshire AI;whiteboard;Wisconsin Creek Berkshire;72197;Identity Fantastic;1950;5226;80570;Practical Officer Auto Loan Account;digital Bedfordshire
2;payment;zero defect Distributed panel;Aliza;Bednar;Sanford15@gmail.com;Intelligent Frozen Pants;Liaison;Diverse Tactics;frame Outdoors;visualize;33500;white;37779;35073;31668;Naira needs-based New Hampshire;Cape Verde Escudo
3;cultivate;Fantastic reintermediate compress;Howard;Champlin;Andreane87@hotmail.com;digital;reboot Outdoors Oregon;dot-com Awesome;utilisation object-oriented capacitor;digital Computer Total;34186;Towels Louisiana;97545;12580;76145;relationships Electronics;Mountain
4;matrices Ergonomic architectures;European Unit of Account 9(E.U.A.-9);Pearl;Brakus;Amani71@yahoo.com;Qatari Rial;interface;open architecture Indian Rupee;Cordoba Oro;Regional;79780;Forward Developer Electronics;62274;24720;41283;SDD Digitized Liaison;project blue
5;Shoes reboot;Jewelery;Emmanuelle;Ankunding;Madisyn.Mitchell@yahoo.com;calculating Incredible Soft Computer;Rustic Rubber Salad Nigeria;Hat Grocery Cotton;Games one-to-one;Outdoors card multi-byte;79684;Cotton Lead Taka;89752;51039;44716;infomediaries primary Intelligent;program transmitting
6;Web Netherlands Antillian Guilder;backing up;Pascale;Kris;Jonathan21@gmail.com;Awesome Concrete Cheese;Director;users Borders Way;deposit;Personal Loan Account cultivate function;86694;override;85776;5922;49498;Concrete;sticky Japan protocol
7;quantifying;circuit;Keaton;Stracke;Jamar.Brown61@hotmail.com;back-end architectures;brand value-added Shoes;Place multi-byte;Towels Wooden Health;Facilitator;75298;1080p;3282;87198;46785;withdrawal;Program transmitting Borders
8;gold forecast tertiary;Cape Cape Verde;Zula;Schulist;Brennan1@hotmail.com;Home Loan Account application;Vista optical;Courts Rustic Granite Table;maximize generate Mississippi;client-driven context-sensitive;50023;Table sexy;32397;17067;58713;Refined Fresh Ball Missouri;Developer encoding Investment Account
9;Communications;Tasty Mobility microchip;Parker;Bergnaum;Kobe.McKenzie@hotmail.com;SAS;dot-com system engine generating;Guatemala Street fuchsia;communities;Avon;37995;Hollow Strategist;35027;77241;45218;Frozen Unbranded Soft Gloves Florida;hack incubate Fork
10;Triple-buffered Grocery;virtual;Domenica;Carroll;Winston87@hotmail.com;Electronics;Arizona Gorgeous Fresh Shoes Group;violet;Shoes payment;Gorgeous Soft Mouse Handcrafted Granite Shirt;26006;Ohio;26132;56507;98495;attitude Seamless national;Rubber Leone functionalities
