id;name;slug;is_active;created_by;modified_by;created_date;modified_date
1;Corporate alarm grey;Implementation portal Quality;90148;75888;27038;bluetooth Representative;Practical
2;Namibia;Supervisor;9557;22012;2254;Practical Steel Mouse;SMS feed Sleek
3;bluetooth Sausages;Health Cross-group;92779;41951;93213;driver;Wooden generate Computers
4;Computer neural Fresh;Factors CSS;28755;97799;33308;architectures Wooden Home;architectures methodology upward-trending
5;deposit Leone auxiliary;Money Market Account;91594;96820;28793;cyan withdrawal bus;Incredible Wooden Ball web services Cambridgeshire
6;Island;Table Berkshire back-end;66136;42640;10779;Avon Cayman Islands Dollar;redundant Nuevo Sol
7;Agent Small;Massachusetts multi-byte;54133;15217;32389;Plastic;Applications circuit payment
8;Pula optical payment;sexy synthesizing;80256;37365;84570;Wooden Agent;Fantastic deposit initiatives
9;Technician Arkansas;Money Market Account compress;82821;66415;17053;Principal payment;online interactive Unbranded
10;Product Fall;Markets;44398;38776;17470;black;JBOD
